SKU,Description,CP,SP,Color,Quantity,Size,
LM00391,Silicone Cutlery Set,1985,3499,"Brown, Blue, Yellow",3,,
LM00397,Only Vegie Teether,172,299,"Strawberry, Eggplant",2,,
LM00411,Bear Jogger,1920,2999,Pink,5,23-27,
LM00415,Tobacco Boot,1760,2999,Black,4,22-25,
LM00434,Bee Socks and Cap Set,570,1099,"Purple 4, Pink 4, Yellow 4",12,3+ M,
LM00450,Baby Woolen Shoes,420,799,Pink,6,,
LM00475,Shoulder Bag Rein Elephant,1710,3299,Purple,1,,
LM00477,Shoulder Bag Forest,1820,3299,Blue,1,,
LM00484,Lollypop Baby Winter Starter Set 9Pcs,1150,1999,1 White,1,,
LM00488,YBW Baby Fleece Suit - Croc,930,1999,"Blue (2 66/48, 2 59/44)",4,,
LM00492,DKNY Pack of 4 Socks,600,1199,"Grey 2, Brown 2, white 2, Green 2, Pink 4, Blue 2, Black 6",20,0-6M,
LM00493,Baby Play Hair Brush ,210,399,"Pink 2, Purple 2, Orange 2, Blue 2",8,,
LM00494,Baby Bear Fleece Cap,275,599,"Red 4, Pink 4, Brown 4, Beige 4, Sky Blue 4, Dark Blue 4",24,6-12 M,
LM00497,"Dragon Cap, wool",300,599,"1 BRown, 6 Grey, 11 Red",18,6-12M,
LM00498,"Blanket, wool, ac, single ply",560,1099,"Pink, Light gray(Space), dark gray",3,30*25inch,
LM00499,Newborn Socks Pack of 3 ,225,499,Mix,17,NewBorn,
LM00500,Sunny Love Mitten Pack of 3 ,300,599,"pink 2, Red 1 ",3,0-6 M,
LM00501,Sunny Love Booty Pack of 3,360,699,Pink 2 Green 3 ,3,0-6 M,
LM00503,Wool Baby Booty,250,499,"Brown 5, White 4, Beige 3",12,0-6 M,
LM00504,Miy Baby Shoes,750,1399,"Brown (11 (1), 12(1), 13(1)), Green (11(1), 12(1), 13(1)), Brown(12(1), 13(1)), Blackl(11(1), 13(1))",10,"11,12,13",
LM00505,Baby 5 Pcs Quilt Set,1490,2999,"59 (Grey 3, Pink 3, Blue 3)",9,0-3 M,
LM00507,Baby Fleece Suit - Cartoon,560,1099,0-3 M 2,2,,
LM00508,Baby Fleece Suit - Kitty ,560,1099,"0-3 M 1, 3-6M 1",2,,
LM00509,Baby Fleece Suit - Rabbit ,580,1099,"Blue Rabbit (0-3 M, 6)(3-6 M, 6) Pink Rabbit (0-3 M, 6)(3-6 M, 6)",24,,
LM00510,Baby Fleece Suit - Bear ,580,1099,"Grey (0-3 M, 6)(3-6 M, 6) Green (0-3 M, 6)(3-6 M, 6)",24,,
LM00511,Baby Fleece Suit - Ice Bear,580,1099,"Pink (0-3 M, 6)(3-6 M, 6) Blue (0-3 M, 6)(3-6 M, 6)",24,,
LM00512,Baby Velvet 5 Pcs Suit,780,1499,"66/48 (Blue 4, Pink 4, White 4)",12,,
LM00513,Baby Quilted 5 Pcs Suit ,660,1299,"0-3 M (Rainbow 4, Bow 1, Heart 5)",10,,
LM00514,Baby Face Towel Double Ply Pack of 3 ,149,299,"Polka Dots 16, Bear 16, Elephant 16, Dots 16, White dots 16",80,,
LM00515,Water Proof Baby Bib Pack of 3 ,153,299,Mix ,10,,
LM00516,Baby Fleece Suit ,750,1499,"Green (59/44 (6), 66/48 (6)), Torqouise  (59/44 (6), 66/48 (6)), ",24,,
LM00517,Baby Pom Pom Booty ,125,299,"Yellow 6, Brown 6, Red 6, Orange 6, Black 6, Grey 6 ",36,,
LM00518,Baby Wool 3 Pcs Winter Suit ,2120,3499,"Orange 5, Grey 5, Pink 5",15,6-12 M,
LM00519,"Baby wool disney, booites, lightup",265,499,"9 pink, 9 purple, 9 brown, 9 gray",36,0-6 M,
LM00046,"OLD, new design",1065,1999,"2 red, purple, gray, pink",5,0-12 M,
LM00520,"Mittens, pack of 2",125,299,pink,48,new born,
LM00521,Carter Booties 100% Cotton.,145,299,"4 Green, 4 Blue, 6 Pink, 1 Red, 2 Orange, 1 Gray",18,0-6 M ,
LM00522,"China Shawl, with hanger",930,1799,"2 Blue, 4 Pink",6,30*30,
LM00523,Fur Character Shawl,1140,2199,"2 Blue, 2 White, 1 Pink",5,30*30,
LM00524,Velvel Character Shawl,1260,2499,"1 Green, 2 Blue, 2 Pink",5,30*30,
LM00525,"Babisil water Bottle 300 ml, 11 oz",400,799,"3 Pink, 3 Green",6,,
LM00526,Babisil 360 ml,400,799,2 Green,2,,
LM00527,PPSU 8 oz,400,799,"2 Pink , 1 Purple",3,,
LM00528,Babisil 8 oz,400,799,3 Purple,3,,
LM00529,Babisafe portable straw bottle,400,799,2 green 1 purple,3,,
LM00530,Babisafe Rainbow 8 oz,400,799,"2 Green, 1 Purple",3,,
LM00531,Babisafe PPSU 330ML,400,799,3 Green,3,,
LM00532,yo yo monkey 240 ml,400,799,3 Green,3,,
LM00533,Babisil 360 ml,400,799,"3 Blue, 1 orange",4,,
LM00536,Baby Quilted Suit Bear Bow with Bib,1638,3199,"Pink, Brown, Yellow, Blue,Design-2 bear, 1 Bear, Emb bear, Happy Bear",64,"59(3-6M), 66(6-9M)",
LM00537,Baby Quilted Romper with Bib,1492,2799,"Pink, Grey, Brown, Yellow ,  2 each both size",16,"59(3-6M), 66(6-9M)",66(6-9 M)
LM00541,Baby Night Suit ,1135,2199,"Pink (90 (2), 100 (2), 110 (2), 120 (2)), Blue(90 (2), 100 (2), 110 (2), 120 (2)), White(90 (2), 100 (2), 110 (2), 120 (2)) , Peach(90 (2), 100 (2), 110 (2), 120 (2)), Purple (90 (2), 100 (2), 110 (2), 120 (2))",40,"90 (12-18M)
100 (18-24M)
110 (2-3y)
120 (3-4 y)
",
LM00543,Baby Fleece 5 Pcs Starter Set ,1075,1999,"Brown (5), Grey (5)",10,66 (0-3M),
LM00544,Baby Velvet Suit ,699,1399,"Blue (73 (1), 90 (2), 120 (1). Yellow (120 (1), 110 (1), 100 (1), 90 (1), Lime (120 (1), 110 (1), 100 (1), 90 (1), Green (90 (2), 100 (1), 120 (1)",16,"73 (6-9M)
90 (9-12M)
100 (12-18m)
110 (18-24M)
120 (2-3Y)
",
LM00545,Baby Velvet Suit ,768,1489,"Pink(All Sizes Each), Peach(All Sizes Each), Blue(All Sizes Each), Yellow(All Sizes Each), Brown(All Sizes Each), Grey(All Sizes Each)      ",18,"73 (6-9M)
80 (9-12M)
90 (12-18M)
",
LM00546,Baby Velvet Suit ,599,1199,"Pink (59(4), 66 (4)), B;ue(59(4), 66 (4)), Purple(59(4), 66 (4)), Baby Pink(59(4), 66 (4)), Green(59(4), 66 (4)), Brown(59(2), 66 (2))",44,"59 (3-6M)
66 (6-9M)
",
LM00547,Socks and Headband Set ,320,599,Mix,4,0-6M,
LM00548,Care Kit Set 8Pcs,968,1799,"Pink 2, Blue 2",4,0+ M,
LM00549,Manicure Set 7 pcs ,599,1999,Pink 3 Blue 3,6,0+M,
LM00352,Old ,385,850,Pink 1,1,0+M,
LM00142,Old ,385,850,Yellow 4,4,0+M,
LM00550,Only Baby Manicure Set,245,549,"Pink 2, Blue 2, White 2",6,0+M,
LM00031,Old ,312,599,"Pink 3, Green 3, Blue 3, Grey 3, Purple 2",13,0+M,
LM00551,King Manicure 4pcs Set ,580,1199,"Yellow, Purple",2,0+M,
LM00552,Best Baby Manicure Set ,555,1199,"Grey, Yellow",2,0+M,
LM00236,Old ,775,1499,Grey ,1,0+M,
LM00044,Old ,415,799,"Grey Brown 4, Orange Blue 3, Blue Brown 3, Dark and light Blue 3, Dark and Light Pink 2, Blue White 3",18,0-6 M,
LM00553,Richa Booties ,150,299,"Purple 2, Darl Blue 2, Sky Blue 2, Grey 2, Brown 2",12,0-6 M,
LM00554,Baby Starter Set 10 Pcs ,1895,3499,"Papa 2, Mama 2, LIttle Friends 2",6,NB,
LM00555,Swaddle Blanket ,1370,2599,"Red, Blue, White, Pink ",4,0-6M,
LM00556,Box Starter Set 9Pcs ,2600,4999,"Blue, Pink ",2,NB,
LM00557,Baby Night Suit ,1028,1999,"Purple Cherry ( 73 (2), 80 (2), 90 (2)), Kulomi Purple ( 73 (2), 80 (2), 90 (2)), Bear (( 73 (3), 80 (3), 90 (3))",21,"73 (6-9 M)
80 (9-12M)
90 (12-18M)
",
LM00558,Carter Socks Pack of 3,181,399,Mix ,,0-12 M,
LM00559,Jian Baby Socks Pack of 3 ,300,599,"Girls 16, Boys 28",44,,
LM00560,Kids Towel Socks ,140,299,"2 Mustard, 6 dark Brown, 2 Blue, 2 Black, Grey 6",20,1-4 Y,
LM00561,Baby Socks Pack of 3 ,220,399,"I love Baba 4, I Love Mama 4 ",8,0-6 M,
LM00562,Baby Fleece Winter Cap,335,699,"Grey, Red, Black, Blue, Brown, White (All 8 each)",48,,
LM00563,Baby Fleece Quilted Caps ,408,799,"Blue 6, Pink 5, Mustard 4, Brown 5, Red 4 ",24,3-9 M,
LM00564,Baby Fleece Winter Caps,358,699,"Yellow 4, Blue 4, Peach 6, Baby Pink 5, Dark Pink 5 ",24,3-9 M,
LM00565,Kids Quilted Caps ,390,799,"Pink 4, Orange 2, Brown 4, Yellow 4, Red 4, Blue 6",24,12 - 24M,
LM00566,Baby Booty and Mitten Set,190,399,"Pink 3, Peach 3, Blue 3, Green 3 ",12,0-6 M,
LM00567,Baby Quilt,1650,3299,"Strawberry 3, Heart 3, Green Rabbit 3, Pink Rabbit 3, Blue Rabit 1",13,45*55,
