SKU,Description,CP,SP,Color,Quantity,Size
LM00391,Silicone Cutlery Set,1985,3499,"Brown, Blue, Yellow",3,
LM00097,Old Barcode,,,"Green (2), Purple, Blue (2). Pink (3)",8,
LM00397,Only Vegie Teether,172,299,"Strawberry, Eggplant",2,
LM00411,Bear Jogger,1920,2999,Pink,5,23-27
LM00415,Tobacco Boot,1760,2999,Black,4,22-25
LM00434,Bee Socks and Cap Set,570,1099,"Purple 4, Pink 4, Yellow 4",12,3+ M
LM00117,Lion - Kolaco Headrest + Blanket,1250,2499,Bear,3,
LM00450,Baby Woolen Shoes,420,799,Pink,6,
LM00475,Shoulder Bag Rein Elephant,1710,3299,Purple,1,
LM00477,Shoulder Bag Forest,1820,3299,Blue,1,
LM00333,My Choice Baby Romper,750,1499,"Pink 2, Green 2, Peach 2",6,
LM00094,Super Baby Feeder Brush Set 2 Pcs,300,599,Yellow,1,
LM00484,Lollypop Baby Winter Starter Set 9Pcs,1150,1999,1 White,1,
LM00310,Happy Mums Baby Starter Set 8Pcs,900,1799,3 black,3,
LM00328,Hello Fleece Hooded Body Suit,500,999,Blue,4,
LM00488,YBW Baby Fleece Suit - Croc,930,1999,"Blue (2 66/48, 2 59/44)",4,
LM00118,Bebe Memory 2 Ply Blanket,1400,2799,2 blue,2,
LM00356,Next Kids 2 Pcs Thermal Warmer Suit,475,899,Red Blue Black White,72,
LM00492,DKNY Pack of 4 Socks,600,1199,"Grey 2, Brown 2, white 2, Green 2, Pink 4, Blue 2, Black 6",20,0-6M
LM00493,Baby Play Hair Brush ,210,399,"Pink 2, Purple 2, Orange 2, Blue 2",8,
LM00494,Baby Bear Fleece Cap,275,599,"Red 4, Pink 4, Brown 4, Beige 4, Sky Blue 4, Dark Blue 4",24,6-12 M
LM00316,Baby Winter Button Cap For New Born,220,499,"Blue 8, Red 8, Brown 8, Sky Blue 8, Beige 8, Black 8",48,6-12 M
LM00451,Xing Baby Pom Pom Cap,230,499,"Grey 4, Pink 4, Brown 4, Yellow 4, Red 4, Blue 4",24,6-12 M
LM00433,Bow Headband Pack of 4,570,1099,"D1 Pink (2), D2 Beige (4), D3 Blue(1), D4 White (3), D5 Sky Blue (1)",12,
LM00317,Hana Baby Winter Fleece Cap For New Born,250,499,"4 Brown, 4 Red, $ Blue, 4 Blue, 4 Black, 3 Grey",23,
LM00497,"Dragon Cap, wool",300,599,"1 BRown, 6 Grey, 11 Red",18,6-12M
LM00454,Ming Quilted Baby Caps with Pongs,300,599,"12 Red, 12 Blue, 8 Pink,8 Gray, 8 Brown",48,
LM00498,"Blanket, wool, ac, single ply",560,1099,"Pink, Light gray(Space), dark gray",3,30*25inch
LM00048,Sunny Star Towel Socks,310,599,All Design * 8,48,
LM00217,Sunnozy Face Towel 6Pcs Pack,200,399,"Peach2, Red2, Blue1,Black3,Brown2,greay2",12,
LM00257,China Knee Pad,250,499,6 Pink 6 Blue,12,
LM00280,Sunny Star Baby 7 Pcs Towel Set | Soft & Absorbent Towels for Newborns,500,999,"2 Green, 2 Pink, 4 Peach, 4 Gray, 2 Yellow, 2 White, 2 Blue",16,
LM00043,Aifeier Baby Socks and Bow Set,300,599,"Brown/Blue 6, Brown/White 10, Orange 1, Black, 1, Blue/White 12, Dark BLue 1, Sky Blue 8",39,
LM00499,Newborn Socks Pack of 3 ,225,499,Mix,17,NewBorn
LM00500,Sunny Love Mitten Pack of 3 ,300,599,"pink 2, Red 1 ",3,0-6 M
LM00501,Sunny Love Booty Pack of 3,360,699,Pink 2 Green 3 ,3,0-6 M
LM00338,Juniors Copter Romper,580,1099,"Blue (0-3M, 12), (3-6 M, 12), Green (0-3M, 9), (3-6 M, 9), Brown (0-3 M, 12), (3-6 M, 12), Grey (0-3M, 9), (3-6 M, 9)",84,
LM00050,Alya Joy 3 Pair Socks Set,200,399,"Rabbit 4, Flower 4, Smiley 4, Hearts 4, Strips 4, Elephant 4, Polka Dots4, Hello 4",32,0-6 M
LM00503,Wool Baby Booty,250,499,"Brown 5, White 4, Beige 3",12,0-6 M
LM00084,Juniors Stitched Baby Swaddle,420,799,"Brown 2, Blue 11, Yellow 6, Pink 6, White 8, Black 3",36,
LM00503,Baby Quilt,1650,3299,"Strawberry 3, Heart 3, Green Rabbit 3, Pink Rabbit 3, Blue Rabit 1",13,45*55
LM00504,Miy Baby Shoes,750,1399,"Brown (11 (1), 12(1), 13(1)), Green (11(1), 12(1), 13(1)), Brown(12(1), 13(1)), Blackl(11(1), 13(1))",10,"11,12,13"
LM00505,Baby 5 Pcs Quilt Set,1490,2999,"59 (Grey 3, Pink 3, Blue 3)",9,0-3 M
LM00471,Fleece Body Suit - Bear,560,1099,"Brown (0-3 M 4, 3-6M, 2), Beige (0-3M 2, 3-6M, 4) Dark Brown (0-3 M, 4, 3-6M 4)",22,
LM00466,Fleece Body Suit - Mickey,560,1099,"0-3 (2), 3-6M (2)",4,
LM00472,Fleece Body Suit - Duck,560,1099,"0-3 M 4, 3-6M 4",8,
LM00470,Fleece Body Suit - Baseball,560,1099,0-3 M 2. 3-6 M 2,4,
LM00469,Fleece Body Suit - Bulldozer,560,1099,"0-3 M 4, 3-6M 4",8,
LM00465,Fleece Body Suit - Panda,560,1099,"0-3 M 4, 3-6M 2",6,
LM00462,Fleece Body Suit - Sheep,560,1099,"0-3 M 2, 3-6M 1",3,
LM00467,Fleece Body Suit - Flower,560,1099,"0-3 M 1, 3-6M 1",2,
LM00507,Baby Fleece Suit - Cartoon,560,1099,0-3 M 2,2,
LM00463,Fleece Body Suit - Space Ultraman,560,1099,"0-3 M 1, 3-6M 1",2,
LM00508,Baby Fleece Suit - Kitty ,560,1099,"0-3 M 1, 3-6M 1",2,
LM00509,Baby Fleece Suit - Rabbit ,580,1099,"Blue Rabbit (0-3 M, 6)(3-6 M, 6) Pink Rabbit (0-3 M, 6)(3-6 M, 6)",24,
LM00510,Baby Fleece Suit - Bear ,580,1099,"Grey (0-3 M, 6)(3-6 M, 6) Green (0-3 M, 6)(3-6 M, 6)",24,
LM00511,Baby Fleece Suit - Ice Bear,580,1099,"Pink (0-3 M, 6)(3-6 M, 6) Blue (0-3 M, 6)(3-6 M, 6)",24,
LM00512,Baby Velvet 5 Pcs Suit,780,1499,"66/48 (Blue 4, Pink 4, White 4)",12,
LM00513,Baby Quilted 5 Pcs Suit ,660,1299,"0-3 M (Rainbow 4, Bow 1, Heart 5)",10,
LM00514,Baby Face Towel Double Ply Pack of 3 ,149,299,"Polka Dots 16, Bear 16, Elephant 16, Dots 16, White dots 16",80,
LM00515,Water Proof Baby Bib Pack of 3 ,153,299,Mix ,10,
LM00516,Baby Fleece Suit ,750,1499,"Green (59/44 (6), 66/48 (6)), Torqouise  (59/44 (6), 66/48 (6)), ",24,
LM00517,Baby Pom Pom Booty ,125,299,"Yellow 6, Brown 6, Red 6, Orange 6, Black 6, Grey 6 ",36,
LM00518,Baby Wool 3 Pcs Winter Suit ,2120,3499,"Orange 5, Grey 5, Pink 5",15,6-12 M
LM00519,"Baby wool disney, booites, lightup",265,499,"9 pink, 9 purple, 9 brown, 9 gray",36,0-6 M
LM00046,"OLD, new design",1065,1999,"2 red, purple, gray, pink",5,0-12 M
LM00520,"Mittens, pack of 2",125,299,pink,48,new born
LM00521,Carter Booties 100% Cotton.,145,299,"4 Green, 4 Blue, 6 Pink, 1 Red, 2 Orange, 1 Gray",18,0-6 M 
LM00522,"China Shawl, with hanger",930,1799,"2 Blue, 4 Pink",6,30*30
LM00523,Fur Character Shawl,1140,2199,"2 Blue, 2 White, 1 Pink",5,30*30
LM00524,Velvel Character Shawl,1260,2499,"1 Green, 2 Blue, 2 Pink",5,30*30
LM00525,"Babisil water Bottle 300 ml, 11 oz",400,799,"3 Pink, 3 Green",6,
LM00526,Babisil 360 ml,400,799,2 Green,2,
LM00527,PPSU 8 oz,400,799,"2 Pink , 1 Purple",3,
LM00528,Babisil 8 oz,400,799,3 Purple,3,
LM00529,Babisafe portable straw bottle,400,799,2 green 1 purple,3,
LM00530,Babisafe Rainbow 8 oz,400,799,"2 Green, 1 Purple",3,
LM00531,Babisafe PPSU 330ML,400,799,3 Green,3,
LM00532,yo yo monkey 240 ml,400,799,3 Green,3,
LM00533,Babisil 360 ml,400,799,"3 Blue, 1 orange",4,
LM00235,Mommy Loves You Baby Bag,1950,3499,2 Blue,2,
LM00526,old,400,799,1 Green,1,
LM00147,China Glass Feeder with straw 120ml,370,699,,2,
LM00148,China Glass Feeder 240ml,240,499,,2,
LM00149,China Glass Feeder 120ml,210,399,,2,
LM00200,FISH Baby Bather for 0-6 Months Old Babies,2070,2999,2 Blue 2 Pink,4,
LM00379,Baby Accessory Basket,1700,3499,Blue Pink,2,
LM00536,Baby Quilted Suit Bear Bow with Bib,1638,3199,"Pink, Brown, Yellow, Blue
Design-2 bear, 1 Bear, Emb bear, Happy Bear",64,"59(3-6M)
66(6-9 M)"
LM00537,Baby Quilted Romper with Bib,1492,2799,"Pink, Grey, Brown, Yellow 2 each both size",16,"59(3-6M)
66(6-9 M)"
LM00541,Baby Night Suit ,1135,2199,"Pink (90 (2), 100 (2), 110 (2), 120 (2)), Blue(90 (2), 100 (2), 110 (2), 120 (2)), White(90 (2), 100 (2), 110 (2), 120 (2)) , Peach(90 (2), 100 (2), 110 (2), 120 (2)), Purple (90 (2), 100 (2), 110 (2), 120 (2))",40,"90 (12-18M)
100 (18-24M)
110 (2-3y)
120 (3-4 y)"
LM00543,Baby Fleece 5 Pcs Starter Set ,1075,1999,"Brown (5), Grey (5)",10,66 (0-3M)
LM00544,Baby Velvet Suit ,699,1399,"Blue (73 (1), 90 (2), 120 (1). Yellow (120 (1), 110 (1), 100 (1), 90 (1), Lime (120 (1), 110 (1), 100 (1), 90 (1), Green (90 (2), 100 (1), 120 (1)",16,"73 (6-9M)
90 (9-12M)
100 (12-18m)
110 (18-24M)
120 (2-3Y)"
LM00545,Baby Velvet Suit ,768,1489,"Pink(All Sizes Each), Peach(All Sizes Each), Blue(All Sizes Each), Yellow(All Sizes Each), Brown(All Sizes Each), Grey(All Sizes Each)      ",18,"73 (6-9M)
80 (9-12M)
90 (12-18M)"
LM00546,Baby Velvet Suit ,599,1199,"Pink (59(4), 66 (4)), B;ue(59(4), 66 (4)), Purple(59(4), 66 (4)), Baby Pink(59(4), 66 (4)), Green(59(4), 66 (4)), Brown(59(2), 66 (2))",44,"59 (3-6M)
66 (6-9M)"
LM00547,Socks and Headband Set ,320,599,Mix,4,0-6M
LM00548,Care Kit Set 8Pcs,968,1799,"Pink 2, Blue 2",4,0+ M
LM00549,Manicure Set 7 pcs ,599,1999,Pink 3 Blue 3,6,0+M
LM00352,Old ,385,850,Pink 1,1,0+M
LM00142,Old ,385,850,Yellow 4,4,0+M
LM00550,Only Baby Manicure Set,245,549,"Pink 2, Blue 2, White 2",6,0+M
LM00031,Old ,312,599,"Pink 3, Green 3, Blue 3, Grey 3, Purple 2",13,0+M
LM00551,King Manicure 4pcs Set ,580,1199,"Yellow, Purple",2,0+M
LM00552,Best Baby Manicure Set ,555,1199,"Grey, Yellow",2,0+M
LM00236,Old ,775,1499,Grey ,1,0+M
LM00044,Old ,415,799,"Grey Brown 4, Orange Blue 3, Blue Brown 3, Dark and light Blue 3, Dark and Light Pink 2, Blue White 3",18,0-6 M
LM00553,Richa Booties ,150,299,"Purple 2, Darl Blue 2, Sky Blue 2, Grey 2, Brown 2",12,0-6 M
LM00554,Baby Starter Set 10 Pcs ,1895,3499,"Papa 2, Mama 2, LIttle Friends 2",6,NB
LM00555,Swaddle Blanket ,1370,2599,"Red, Blue, White, Pink ",4,0-6M
LM00556,Box Starter Set 9Pcs ,2600,4999,"Blue, Pink ",2,NB
LM00557,Baby Night Suit ,1028,1999,"Purple Cherry ( 73 (2), 80 (2), 90 (2)), Kulomi Purple ( 73 (2), 80 (2), 90 (2)), Bear (( 73 (3), 80 (3), 90 (3))",21,"73 (6-9 M)
80 (9-12M)
90 (12-18M)"
LM00558,Carter Socks Pack of 3,181,,Mix ,,0-12 M
LM00559,Jian Baby Socks Pack of 3 ,300,599,"Girls 16, Boys 28",44,
LM00560,Kids Towel Socks ,140,299,"2 Mustard, 6 dark Brown, 2 Blue, 2 Black, Grey 6",20,1-4 Y
LM00561,Baby Socks Pack of 3 ,220,399,"I love Baba 4, I Love Mama 4 ",8,0-6 M
LM00562,Baby Fleece Winter Cap,335,699,"Grey, Red, Black, Blue, Brown, White (All 8 each)",48,
LM00563,Baby Fleece Quilted Caps ,408,799,"Blue 6, Pink 5, Mustard 4, Brown 5, Red 4 ",24,3-9 M
LM00564,Baby Fleece Winter Caps,358,699,"Yellow 4, Blue 4, Peach 6, Baby Pink 5, Dark Pink 5 ",24,3-9 M
LM00565,Kids Quilted Caps ,390,799,"Pink 4, Orange 2, Brown 4, Yellow 4, Red 4, Blue 6",24,12 - 24M
LM00566,Baby Booty and Mitten Set,190,399,"Pink 3, Peach 3, Blue 3, Green 3 ",12,0-6 M
LM00151,Old ,250,499,Mix ,7,0-6 M
LM00568,Kids Track Suit Dino,780,1599,Yellow 20,20,"XS 3, S 5, M 5
L 4, XL 5"
LM00569,Kids Track Suit Lovely Rabbit,780,1599,Pink 20,20,"XS 4, S 4, M 5
L 3, XL 4"
LM00570,Kids Track Suit Lucky,780,1599,Pink 10,10,"XS 2, S 2, M 2"
LM00571,Kids Romper with Hoodie Camoflouge,380,699,White 21,21,"1 (6), 2 (5), 4 (5), 6 (5)"
LM00572,Kids Plain Romper with Hoodie,380,599,"Green (S 5, M 5), Blue (S 4, M 6) Pink (S 5, M 5), Purple (S 5, M 5)",80,"S= 2-4 Yrs, M=4-6 Yrs, L=6-9 Yrs, XL=9-12 Yrs"
LM00572-1,Kids Plain Romper with Hoodie,380,799,"Green (L 5, XL 5), Blue (L 5, XL 5) Pink (L 5, XL 5) Purple (L 5, XL 5)",80,"S= 2-4 Yrs, M=4-6 Yrs, L=6-9 Yrs, XL=9-12 Yrs"
LM00353,old only new color addition,1100,2099,"Grey all size 1 each, Brown all size 1 each, red all size 1 each, Dark Brown all size 1 each, green all size 1 each, dark green 0-3only ",16,"(0-3), (3-6), (6-9)"
LM00573,Daffodils Baby Winter Shawl Wool,580,1199,White 6,6,30*30
LM00008,Electric Manicure Set,850,1599,"3 Pink, 3 Blue",6,
LM00574,Bear Baby Nail Clipper Set 4 Pcs,595,1199,"3 green, 3 pink",6,
LM00575,Baby Fleece Romper U Mass,1200,2399,"Pink all size 1 each, yellow all size 1 each",6,"73, 80, 90"
LM00576,Baby Fleece Romper Choo,1200,2399,"Pink all size 1 each, blue all size 1 each",6,"73, 80, 90"
LM00577,Baby Fleece Romper SATX,1200,2399,brown all size 1 each,3,"73, 80, 90"
LM00127,New Born Baby Boy Suit 2 PC | New Born Baby Boy Dress | Beng Beng - Little Minors,1050,2199,Pink 2 each size,6,"73, 80, 90"
